[{"domain": "facebook.com", "action": "blocked", "timestamp": "2024-12-09T08:49:27.362462"}, {"domain": "facebook.com", "action": "blocked", "timestamp": "2024-12-09T09:12:23.576078"}, {"domain": "youtube.com", "action": "resolved", "timestamp": "2024-12-09T09:12:33.969454"}, {"domain": "facebook.com", "action": "unblocked", "timestamp": "2024-12-09T09:16:55.258547"}, {"domain": "facebook.com", "action": "blocked", "timestamp": "2024-12-09T19:39:26.422668"}, {"domain": "facebook.com", "action": "blocked", "timestamp": "2024-12-09T19:40:46.309068"}, {"domain": "facebook.com", "action": "blocked", "timestamp": "2024-12-09T19:41:24.197237"}, {"domain": "facebook.com", "action": "blocked", "timestamp": "2024-12-09T19:55:06.334011"}, {"domain": "instagram.com", "action": "resolved", "timestamp": "2024-12-09T20:02:26.583007"}, {"domain": "instagram.com", "action": "resolved", "timestamp": "2024-12-09T20:03:35.425101"}, {"domain": "instagram.com", "action": "resolved", "timestamp": "2024-12-09T20:03:50.165159"}, {"domain": "babu88.com", "action": "resolved", "timestamp": "2024-12-09T20:04:25.312782"}, {"domain": "twitter.com", "action": "resolved", "timestamp": "2024-12-09T20:11:27.639679"}, {"domain": "tabassumenami.com", "action": "resolved", "timestamp": "2024-12-09T20:11:59.784035"}, {"domain": "https://daffodilvarsity.edu.bd/", "action": "resolved", "timestamp": "2024-12-09T20:14:09.048352"}, {"domain": "daffodilvarsity.edu.bd", "action": "resolved", "timestamp": "2024-12-09T20:14:19.203378"}, {"domain": "facebook.com", "action": "blocked", "timestamp": "2024-12-09T20:15:05.265116"}, {"domain": "instagram.com", "action": "resolved", "timestamp": "2024-12-09T20:15:25.214605"}, {"domain": "hackerrank.com", "action": "resolved", "timestamp": "2024-12-09T20:20:04.075528"}, {"domain": "codeforces.com", "action": "resolved", "timestamp": "2024-12-09T20:21:46.220376"}, {"domain": "ashib.com", "action": "resolved", "timestamp": "2024-12-09T20:24:01.455205"}, {"domain": "ashib.com", "action": "resolved", "timestamp": "2024-12-09T20:24:32.667259"}, {"domain": "sharabir.com", "action": "resolved", "timestamp": "2024-12-09T20:25:03.162146"}, {"domain": "facebook.com", "action": "unblocked", "timestamp": "2024-12-09T20:30:27.803200"}, {"domain": "twitter.com", "action": "resolved", "timestamp": "2024-12-09T21:37:04.924034"}, {"domain": "instagram.com", "action": "blocked", "timestamp": "2024-12-09T21:49:00.866635"}, {"domain": "youtube.com", "action": "resolved", "timestamp": "2024-12-09T21:52:33.087205"}, {"domain": "codeforces.com", "action": "resolved", "timestamp": "2024-12-09T21:53:50.509519"}]